death_place, death_country, birth_place, birth_country
"San Francisco | United States","US","United States | New York","US"
"South Carolina | Greenville South Carolina","US","South Carolina | Greenwood South Carolina","US"
"Texas | Georgetown Texas","US","Texas | Grandfalls Texas","US"
"Bavaria | Germany | Pullach","Germany","Austria-Hungary | Bohemia | Karlovy Vary","Czechia"
"Orlando Florida | Florida","US","Liverpool","UK"
"Minnesota | Minneapolis","US","Minnesota","US"
"Tarrytown New York","US","New York City","US"
"Woodstock New York","US","Philadelphia","US"
"Evanston Illinois","US","Philadelphia","US"
"Pima County Arizona | Ajo Arizona","US","Chemung New York","US"
"Germany | Munich","Germany","Netherlands | The Hague","Netherlands"
"Louisiana | Ruston Louisiana","US","Louisiana | Lincoln Parish Louisiana | Ruston Louisiana | United States","US"
"Germany | Munich","Germany","Germany | Braubach","Germany"
"California | San Francisco","US","Chicago | Illinois","US"
"Austin Texas | Texas | Travis County Texas","US","Kentucky | Graves County Kentucky | Mayfield Kentucky","US"
"Louisiana | Baton Rouge Louisiana","US","Pennsylvania | Pittsburgh","US"
"Amherst Massachusetts","US","Windsor Vermont","US"
"Toronto | Ontario","Canada","Upper Canada | Toronto","Canada"
"Brisbane","Australia","Burra South Australia","Australia"
"Alloa | Clackmannanshire","UK","Glasgow","UK"
"New South Wales | Sydney | Australia","Australia","London | England","UK"
"Fort Lauderdale Florida","US","Alton Illinois","US"
"Rhinebeck (town) New York | New York","US","Westminster Maryland","US"
"Brewster Massachusetts","US","United States | Boston","US"
"Jamaica","Jamaica","Portland Parish","Jamaica"
"Alexandria Virginia","US","Wake County North Carolina","US"
"Germany | Munich","Germany","Germany | Munich","Germany"
"Vancouver | British Columbia","Canada","Guangdong","China"
"United Kingdom | Fishguard | Wales | Pembrokeshire","UK","United Kingdom | Swansea | Glamorgan | Wales","UK"
"Kraków | Poland","Poland","Poland | Katowice","Poland"
"Chatham Massachusetts | Massachusetts | United States","US","Massachusetts | United States | Boston","US"
"Arden North Carolina","US","Shirley Maine","US"
"Munich","Germany","Munich","Germany"
"Madrid","Spain","Palencia","Spain"
"Urbana Illinois","US","Searsboro Iowa","US"
"Lausanne | Switzerland","Switzerland","Madison New Jersey","US"
"South Stoke Oxfordshire","UK","Brighton","UK"
"Colombia | Cauca Department | Buga Valle del Cauca","Colombia","Cali | Valle del Cauca Department | Gran Colombia","Colombia"
"London | United Kingdom | England","UK","Trenton New Jersey","US"
"Queens","US","New York City","US"
"Virginia | Charlottesville Virginia | United States","US","Atlanta | United States","US"
"Nicaragua | Managua","Nicaragua","Germany | Free City of Danzig","Germany"
"Christchurch","New Zealand","Cave New Zealand","New Zealand"
"Australia | Melbourne","Australia","Australia | Melbourne","Australia"
"Alexandria Virginia","US","China | Fuzhou","China"
"New York City | United States","US","Philadelphia | United States","US"
"London | United Kingdom | England","UK","Finland | Kuopio","Finland"
"Tel Aviv | Israel","Israel","Odessa | Russian Empire","Ukraine"
"Stockholm | Sweden","Sweden","Stockholm | Sweden","Sweden"
"Rio de Janeiro","Brazil","Juiz de Fora","Brazil"
"Westport Connecticut","US","Orono Maine","US"
"Tel Aviv | Israel","Israel","German Empire | Leipzig","Germany"
"Houston | Texas | Harris County Texas","US","Louisiana | Vermilion Parish Louisiana | Abbeville Louisiana | United States","US"
"Dar es Salaam | Zanzibar","Tanzania","Worcestershire","UK"
"London | England","UK","London | England","UK"
"Virginia | Williamsburg Virginia | United States","US","California | Los Angeles | United States","US"
"Nanterre | France","France","France | Nantiat | Nantiat_(Haute-Vienne)","France"
"Delaware | Rehoboth Beach Delaware","US","United States","US"
"New York City | New York","US","Teaneck New Jersey","US"
"London","UK","Bolotwa","South Africa"
"Queensland | Sandgate Queensland","Australia","County Cork | Clonakilty","Ireland"
"Chile | Juan Fernández Islands","Chile","Chile | Talagante","Chile"
"Austria-Hungary | Vienna","Austria","Austria-Hungary | Poland | Galicia (Eastern Europe)","Poland"
"London","UK","Scotland","UK"
"Paris | France","France","Corrèze | Tulle | France","France"
"Paris | France","France","Strasbourg | France","France"
"Los Angeles","US","Ciudad Juárez | Mexico","Mexico"
"Finland | Russian Empire | Punkaharju","Finland","Latvia | Russian Empire | Ērgļi","Latvia"
"Bihar | Motihari","India","Bihar | Motihari","India"
"Oslo","Norway","Oslo","Norway"
"Italy | Lazio | Rome","Italy","Italy | Gavorrano | Kingdom of Italy | Tuscany","Italy"
"Hollywood","US","Campbell County Tennessee","US"
"India | Madras Presidency","India","India | Madras Presidency","India"
"Guadalajara | Mexico | Jalisco","Mexico","Guadalajara | Mexico | Jalisco","Mexico"
"Los Angeles | United States","US","Brooklyn Heights | United States","US"
"England","UK","England","UK"
"Connecticut | Wilton Connecticut","US","Brooklyn | New York","US"
"Muralto | Ticino","Switzerland","Prague","Czechia"
"Massachusetts","US","Maryland | Baltimore","US"
"Washington D.C.","US","Brandenburg Kentucky","US"
"West Yorkshire | Leeds","UK","Bradford | West Riding of Yorkshire","UK"
"Canada | Sainte-Agathe-des-Monts | Quebec","Canada","Northern Ireland","UK"
"Kensington","UK","Hampton Wick","UK"
"Russian Empire | Pavlovsk Saint Petersburg","Russia","Pskov | Russian Empire","Russia"
"India | Delhi","India","Karachi | Pakistan","Pakistan"
"Kent | Pembury | England","UK","Billericay | Essex | England","UK"
"São Paulo","Brazil","Austria-Hungary | Prague","Czechia"
"North Carolina | Raleigh North Carolina","US","Nashville Tennessee | Tennessee | United States","US"
"New York City | New York","US","Pembroke New Hampshire | United States","US"
"Washington D.C.","US","Buffalo New York | New York","US"
"Athens | Greece","Greece","Greece | Patras","Greece"
"Netherlands | South Holland | The Hague","Netherlands","Netherlands | Nijmegen | Gelderland","Netherlands"
"Wales | Dyfed | Capel Bangor","UK","Llandre | Wales | Ceredigion","UK"
"New York City | New York","US","Brooklyn | New York","US"
"Shawnee Oklahoma","US","Eastland County Texas","US"
"Rochester Vermont","US","Hamlet North Carolina","US"
"Luhačovice","Czechia","Austria-Hungary | Přerov District | Tučín","Czechia"
"Guam | Tamuning Guam","Guam","Guam | Hagåtña Guam","Guam"
"Oslo","Norway","Norway | Oslo","Norway"
"Norway | Oslo","Norway","Norway | Oslo","Norway"
"Aberystwyth | Wales | Ceredigion","UK","Betws yn Rhos | Wales | Denbighshire (historic)","UK"
"Great Neck New York","US","San Francisco","US"
"Warsaw","Poland","Vawkavysk","Belarus"
"Saint Petersburg","Russia","Rzhev | Russian Empire | Tver Governorate","Russia"
"Tokyo","Japan","Ōita Prefecture","Japan"
"São Paulo (state) | Empire of Brazil | São Paulo","Brazil","Maranhão | Empire of Brazil | Caxias Maranhão","Brazil"
"Windsor Ontario | Canada","Canada","Moscow | Soviet Union | Moscow Oblast | Mytishchi | Russian Soviet Federative Socialist Republic","Russia"
"Damascus | Syria","Syria","Mutasarrifate of Jerusalem | Jaffa","Israel"
"Italy | Rome","Italy","Italy | Sicily | Palermo","Italy"
"Berlin | Germany","Germany","Nazi Germany | Wittenberge | Province of Brandenburg","Germany"
"Finland | Helsinki","Finland","Finland | Vihti","Finland"
"Perledo","Italy","Bologna","Italy"
"Bordeaux | France","France","Germany | Mannheim","Germany"
"Sliema","Malta","Msida","Malta"
"London | United Kingdom | England","UK","United Kingdom | Buckinghamshire | High Wycombe | England","UK"
"Washington D.C.","US","Franklin County Indiana","US"
"Italy | Milan","Italy","Italy | San Salvatore Monferrato","Italy"
"Texas | Dallas | United States","US","Texas | Dallas | United States","US"
"Somalia | Mogadishu","Somalia","Italy | Rome","Italy"
"Moscow","Russia","Makhachkala | Dagestan","Russia"
"Philippines | Metro Manila | Quezon City","Philippines","Philippines | Manila | Balingasag Misamis Oriental","Philippines"
"Italy | Milan","Italy","Fucecchio | Kingdom of Italy","Italy"
"New Orleans","US","Philadelphia Mississippi","US"
"Bonn","Germany","Frankfurt | Germany","Germany"
"Kaduna","Nigeria","Katsina","Nigeria"
"Amsterdam | Netherlands","Netherlands","Amsterdam | Netherlands","Netherlands"
"Lebanon | Beirut","Lebanon","Mutasarrifate of Jerusalem | Jaffa","Israel"
"New York City | New York","US","Río Piedras Puerto Rico","US"
"Örkelljunga | Sweden","Sweden","Botkyrka Municipality | Sweden","Sweden"
"Stockholm | Sweden","Sweden","Hälsingland | Sweden | Söderala","Sweden"
"Brazil | São Paulo (state) | São Paulo","Brazil","Brazil | São Paulo (state) | Pedregulho | Igaçaba","Brazil"
"Keokuk Iowa","US","Missouri | Tennessee","US"
"Dominican Republic","Dominican Republic","Dominican Republic | Las Matas de Farfán","Dominican Republic"
"Pennsylvania | Philadelphia","US","Pennsylvania | Steelton Pennsylvania","US"
"Caracas","Venezuela","Caracas","Venezuela"
"Alabama | Madison County Alabama | Huntsville Alabama","US","Alexandria Louisiana | Louisiana | Rapides Parish Louisiana","US"
"Orcas Island | Washington (state)","US","Hawaii | Honolulu","US"
"France | Saint-Michel-de-Fronsac","France","Bordeaux | France","France"
"Pasadena California","US","Peoria Illinois","US"
"San Diego","US","Pittsburg Kansas","US"
"United States | New York","US","United States | Indiana","US"
"Houston | Texas | United States","US","Piedras Negras Coahuila | Mexico","Mexico"
"Brazil | São Paulo (state) | Bananal São Paulo","Brazil","Brazil | Rio de Janeiro (state) | Araruama","Brazil"
"Madeira | Portugal","Portugal","Sergipe | Empire of Brazil | Santa Luzia do Itanhy","Brazil"
"Hong Kong","Hong Kong","Port of Spain | Trinidad","Trinidad and Tobago"
"Oxford | Oxfordshire | England","UK","Lancashire | Ashton-under-Lyne | England","UK"
"Germany | Remagen","Germany","London","UK"
"Australian Capital Territory | Canberra | Mawson Australian Capital Territory","Australia","Yass New South Wales","Australia"
"Milwaukee","US","Aachen | Düren | Rhine Province","Germany"
"Bucharest","Romania","Boteni","Romania"
"Oklahoma | Oklahoma City","US","New York City | New York","US"
"Spain | Madrid","Spain","Spain | Madrid","Spain"
"Williamsburg Virginia","US","Smithfield Virginia","US"
"England","UK","Sale Greater Manchester | England","UK"
"France | Chourgnac","France","Paris | France","France"
"Syracuse New York | New York","US","Haiti | Port-au-Prince","Haiti"
"France | Montreuil-le-Henri","France","French Indochina | Hanoi","Vietnam"
"Camaiore | Tuscany","Italy","Caltanissetta","Italy"
"Limeil-Brévannes | France","France","France | Montbazon","France"
"Alpes-Maritimes | France","France","Bromma | Sweden","Sweden"
"Neptune Township New Jersey","US","Oswego New York","US"
"Dublin | Republic of Ireland","Ireland","Galway | Ireland","Ireland"
"Paris | French Third Republic","France","Austria-Hungary | Jimbolia","Romania"
"New York City","US","New York City","US"
"Karnataka | Bangalore","India","Karnataka | Chamarajanagar district | Ambale","India"
"Chicago","US","Chicago","US"
"Cornwall | United Kingdom | England","UK","Wiltshire | Swindon","UK"
"Brooklyn | New York","US","Brooklyn | New York","US"
"Ottawa","Canada","Montreal","Canada"
"Portobello Edinburgh | Scotland","UK","Wick Caithness | Scotland","UK"
"Netherlands | Loenen aan de Vecht","Netherlands","Suriname | Paramaribo","Suriname"
"Hungary | Budapest","Hungary","Székesfehérvár | Kingdom of Hungary","Hungary"
"Harrisburg Pennsylvania","US","Philadelphia","US"
"Moscow","Russia","Saint Petersburg","Russia"
"Paris","France","Moscow","Russia"
"Oklahoma | North Canadian River","US","Oklahoma | Eufaula Oklahoma","US"
"Russian Empire | Saint Petersburg","Russia","Penza | Russian Empire","Russia"
"Poland | Auschwitz concentration camp","Poland","Austria-Hungary | Vienna","Austria"
"Redding Connecticut | United States","US","Australia | Melbourne","Australia"
"Lisbon","Portugal","Casével | Castro Verde","Portugal"
"Uruguay | Montevideo","Uruguay","Uruguay | Montevideo","Uruguay"
"Iran | Tehran","Iran","Iran | Kerman | Sirjan","Iran"
"Ottoman Empire | İzmit","Turkey","Ottoman Empire | Constantinople","Turkey"
"Azerbaijan | Karakend (Nagorno-Karabakh) | Khojavend District","Azerbaijan","Azerbaijan | Qazax","Azerbaijan"
"Pippa Passes Kentucky","US","Athol Massachusetts","US"
"Kyrgyzstan | Osh","Kyrgyzstan","Kirghiz Soviet Socialist Republic","Kyrgyzstan"
"Stockholm | Sweden","Sweden","Finland | Helsinki","Finland"
"Tbilisi | Georgia (country)","Georgia","Italy | Francavilla al Mare","Italy"
"Washington D.C. | United States","US","Charleston South Carolina | United States","US"
"Queensland | South Brisbane Queensland","Australia","Aberdeenshire | Scotland | Towie","UK"
"Karachi | Pakistan","Pakistan","Karachi | Bombay Presidency | Presidencies and provinces of British India","Pakistan"
"Italy | Rome","Italy","Poland | Tomaszów Mazowiecki","Poland"
"Adaisseh","Lebanon","Kfeir","Lebanon"
"Basel | Switzerland","Switzerland","Colmar | France","France"
"Somalia | Mogadishu","Somalia","Somalia | Mogadishu","Somalia"
"Philippines | Quezon City","Philippines","Philippines | Santa Mesa","Philippines"
"Lisbon | Portugal","Portugal","Brazil | Maranhão | Axixá","Brazil"
"Switzerland | Zürich","Switzerland","Ramat Gan | Israel","Israel"
"Paraguay | Asunción","Paraguay","Paraguay | San José de los Arroyos","Paraguay"
"Montreal","Canada","Little Burgundy","Canada"
"Austria-Hungary | Ivano-Frankivsk","Ukraine","Congress Poland | Opatówek | Russian Empire","Poland"
"Indonesia | Jakarta","Indonesia","West Sumatra | Agam Regency | Dutch East Indies | Kota_Gadang","Indonesia"
"Istanbul","Turkey","Istanbul","Turkey"
"Skopje | Republic of Macedonia","North Macedonia","Skopje | Republic of Macedonia","North Macedonia"
"Paris | Île-de-France | France","France","Zipaquirá | Gran Colombia | Cundinamarca Department (1824)","Colombia"
"Istanbul","Turkey","Gaziantep","Turkey"
"Kingston Ontario","Canada","Cypress River Manitoba","Canada"
"London | England","UK","Chittagong Division | Bengal Presidency | Noakhali District | Presidencies and provinces of British India","Bangladesh"
"France | Sternenberg","France","Mulhouse | France","France"
"Republic of Ireland | County Meath | Navan","Ireland","London | Leytonstone","UK"
"Italy | Rome","Italy","Lynn Massachusetts | Massachusetts","US"
"Norway | Oslo","Norway","Norway | Bergen","Norway"
"Rome | Kingdom of Italy","Italy","Bomba Abruzzo | Kingdom of the Two Sicilies","Italy"
"Venezuela | Caracas","Venezuela","Mérida (state)","Venezuela"
"Potomac Maryland","US","Brooklyn","US"
"Paarl","South Africa","Paarl","South Africa"
"Hinsdale Illinois","US","Coos Bay Oregon","US"
"Syrian Desert","Syria","Miami | Florida","US"
"Karachi | Pakistan","Pakistan","Gujarat | Ahmedabad","India"
"India | Delhi","India","India | Uttar Pradesh | Aligarh Uttar Pradesh","India"
"India | Faridabad","India","Hoshiarpur | Punjab India","India"
"Azerbaijan | Lachin | Böyük Galadərəsi","Azerbaijan","Azerbaijan | Baku","Azerbaijan"
"Kolkata","India","Lucknow","India"
"Louisiana | Ouachita Parish Louisiana | Monroe Louisiana","US","Louisiana | Franklin Parish Louisiana | Winnsboro Louisiana | United States","US"
"Beirut | Achrafieh","Lebanon","Beirut | Achrafieh","Lebanon"
"Brooklyn | United States","US","Delaware | Sussex County Delaware | United States","US"
"Maryland | Prince George's County Maryland | Cheverly Maryland","US","Tennessee | Hamilton County Tennessee | Chattanooga Tennessee | United States","US"
"Dili | East Timor","Timor-Leste","Netherlands | Enschede","Netherlands"
"Virginia | Arlington County Virginia","US","Washington D.C.","US"
"India | Kochi | Cherai","India","India | Kochi | Kingdom of Cochin | Cherai","India"
"Louisiana | Avoyelles Parish Louisiana | Bunkie Louisiana","US","Louisiana | Rapides Parish Louisiana | United States","US"
"Dublin","Ireland","Dublin | Rathmines","Ireland"
"Havana | Cuba","Cuba","Pennsylvania | Pittsburgh","US"
"Pound Ridge New York","US","Patchogue New York","US"
"Amman | Jordan","Jordan","Mutasarrifate of Jerusalem | Jaffa","Israel"
"Arcadia California","US","Ogden Utah","US"
"Ramat HaSharon | Israel","Israel","London | England","UK"
"Wayland Massachusetts | Massachusetts","US","West Boylston Massachusetts | Massachusetts","US"
"Louisiana | New Orleans | United States","US","Washington D.C. | Lanham Maryland | United States","US"
"Howard University Hospital","US","Miami","US"
"Houston | Texas | Harris County Texas","US","Louisiana | Webster Parish Louisiana | Minden Louisiana | United States","US"
"Louisiana | Webster Parish Louisiana | Minden Louisiana | United States","US","Cardiff | United Kingdom | Wales","UK"
"Berlin | Germany","Germany","Moscow | Russian Empire","Russia"
"Multnomah County Oregon | United States","US","Brooklyn | United States","US"
"Dole Ceredigion | Wales | Ceredigion","UK","Wales | Ceredigion | Dôl-y-bont","UK"
"Japan | Tokyo | Delhi","Japan","Japan | Tokyo","Japan"
"Germany | Potsdam","Germany","Germany | Hamburg","Germany"
"Brazil | Rio de Janeiro | Rio de Janeiro (state)","Brazil","Brazil | Ceará | Sobral Ceará","Brazil"
"Chelsea London | England","UK","Northamptonshire | Billing Northamptonshire | England","UK"
"Phoenix Arizona | Arizona","US","New Jersey | Teaneck New Jersey","US"
"Port Kaituma | Guyana","Guyana","Vidalia Georgia | United States","US"
"Seattle | Washington (state)","US","Spokane County Washington","US"
"London","UK","Transkei | Hobeni","South Africa"
"Cleveland","US","Passaic New Jersey","US"
"New York City","US","New York City","US"
"Marylebone","UK","Hackney District (Metropolis)","UK"
"East Village Manhattan | New York City","US","Duluth Minnesota","US"
"Chișinău","Moldova","Alexandru Ioan Cuza Cahul","Moldova"
"Hungary | Budapest","Hungary","Budapest | Hungarian People's Republic","Hungary"
"Los Angeles","US","Los Angeles","US"
"Madison County Mississippi | Ridgeland Mississippi | Mississippi","US","Louisiana | Rankin County Mississippi | Ouachita Parish Louisiana | West Monroe Louisiana | McComb Mississippi | Mississippi | Brandon Mississippi","US"
"Philippines | Quezon City","Philippines","Cebu City","Philippines"
"Texas | Smith County Texas | Tyler Texas","US","Missouri | Mississippi County Missouri | East Prairie Missouri | United States","US"
"Washington D.C.","US","The Bronx","US"
"San Francisco | United States","US","Marietta Ohio | United States","US"
"Queensland | Brisbane","Australia","Maryborough Queensland","Australia"
"Silver Spring Maryland | United States","US","Abingdon Virginia | United States","US"
"Macuto Vargas","Venezuela","Valencia Carabobo","Venezuela"
"Bogotá | United Provinces of New Granada | Free and Independent State of Cundinamarca","Colombia","Viceroyalty of New Granada | Popayán","Colombia"
"Brazil | Rio de Janeiro | Rio de Janeiro (state)","Brazil","Brazil | Rio de Janeiro | Rio de Janeiro (state)","Brazil"
"Turin","Italy","Rome","Italy"
"Washington D.C.","US","New York City","US"
"Los Angeles","US","New York City","US"
"California | Palm Springs California","US","New York City | New York","US"
"Minas Gerais | First Brazilian Republic | Poços de Caldas","Brazil","Rio de Janeiro | Rio de Janeiro (state) | Empire of Brazil","Brazil"
"Yvelines | Marly-le-Roi | France","France","Paris | France","France"
"Toronto","Canada","Ontario | Port Burwell Ontario","Canada"
"Toronto","Canada","Clapham","UK"
"Cairo | Egypt","Egypt","Egypt | Kafr_Abu_Shehata","Egypt"
"Paris | France","France","Austria-Hungary | Nagykanizsa","Hungary"
"California | Los Angeles | United States","US","Canada | Montreal | Quebec","Canada"
"Colombia | Antioquia Department | Medellín","Colombia","Antioquia Department | San Pedro de los Milagros | United States of Colombia | Republic of New Granada","Colombia"
"Antalya | Turkey","Turkey","Aksaray Province | Aksaray | Turkey","Turkey"
"Russian Empire | Governorate (Russia)","Russia","Ivanovo | Russian Empire","Russia"
"Italy | Milan","Italy","Uruguay | Montevideo","Uruguay"
"West Yorkshire | Leeds | England","UK","Lancashire | Southport | England","UK"
"McLean Virginia","US","Vienna Georgia","US"
"Atlanta | Georgia (U.S. state)","US","Tupelo Mississippi | Mississippi","US"
"Belfast | Northern Ireland","UK","Kent | United Kingdom | England","UK"
"Queensland | Brisbane | Wynnum Queensland | Australia","Australia","Bradford | England | Yorkshire","UK"
"Texas","US","Austin Texas | Texas | Travis County Texas | United States","US"
"United States","US","Arkansas | United States | Little Rock Arkansas","US"
"New Zealand | Auckland","New Zealand","Ireland | County Monaghan","Ireland"
"Greece","Greece","Fort Worth Texas","US"
"Louisiana | Shreveport Louisiana | Caddo Parish Louisiana | United States","US","Arkansas | El Dorado Arkansas | United States","US"
"Bantam Connecticut","US","New London Connecticut","US"
"Blackpool","UK","Bedford Pennsylvania","US"
"New York City | United States | New York","US","Missouri | St. Louis | United States","US"
"Chișinău","Moldova","Chișinău","Moldova"
"Italy | Rome","Italy","Italy | Rome","Italy"
"Athens | Greece","Greece","Greece | Aroania_(village)","Greece"
"Mexico City | Mexico","Mexico","Puebla | Mexico | Chiautla de Tapia","Mexico"
"California | Long Beach California","US","Glendale California","US"
"Bhubaneswar","India","Cuttack","India"
"Brazil | Rio de Janeiro","Brazil","Brazil | Quebrangulo","Brazil"
"Hollywood","US","Potter Valley California","US"
"California | Los Angeles","US","Glamorgan | Bettws Bridgend | Wales","UK"
"Năpădeni","Romania","Iași","Romania"
"Louisiana | Natchitoches Louisiana","US","South Carolina | Spartanburg County South Carolina | United States","US"
"Visby | Sweden","Sweden","Örnsköldsvik | Sweden","Sweden"
"Switzerland | Langnau im Emmental","Switzerland","Vienna","Austria"
"The Bronx","US","Trenton New Jersey | United States","US"
"Toronto | Canada | Ontario","Canada","Toronto | Canada | Ontario","Canada"
"Berlin | East Germany","Germany","Berlin | German Empire","Germany"
"New York City","US","Brooklyn | New York City | New York","US"
"New York | Kingston New York","US","New York","US"
"Ankara | Turkey","Turkey","Zonguldak | Turkey","Turkey"
"London | England","UK","Colonial Brazil | Colonia del Sacramento | Cisplatina","Uruguay"
"Tokyo","Japan","Gifu Prefecture | Shirakawa Gifu (town)","Japan"
"Istanbul | Turkey","Turkey","Malatya | Turkey","Turkey"
"Victoria (Australia) | Australia | Murrindindi Victoria","Australia","Cambridgeshire | Cambridge | England","UK"
"South Carolina","US","Orangeburg South Carolina","US"
"Paris | France","France","Iran | Hamadan","Iran"
"Germany | Hamburg","Germany","Germany | Hamm","Germany"
"Los Angeles | United States","US","Germany | Hamburg","Germany"
"Berlin | Germany","Germany","Elbląg | Germany | East Prussia","Poland"
"Tyrol (state) | Kufstein | County of Tyrol | Austria","Austria","Berlin | German Empire | Prussia","Germany"
"India | Delhi","India","India | Hoshiarpur | Punjab India","India"
"Kolkata | Bengal Presidency | Presidencies and provinces of British India","India","Kolkata | Bengal Presidency | Presidencies and provinces of British India","India"
"Ridgewood New Jersey","US","Hackensack New Jersey","US"
"London | England","UK","Auckland","New Zealand"
"Omaha Nebraska","US","Luray Virginia","US"
"New York City","US","Kingston upon Hull","UK"
"United Kingdom | Chorlton-on-Medlock | England","UK","Queensland | Gympie | Australia","Australia"
"California | Monterey California","US","Cache County Utah | Mendon Utah","US"
"Netherlands | Rotterdam","Netherlands","Amsterdam | Netherlands","Netherlands"
"Canada | Montreal","Canada","Canada | Ange-Gardien Quebec","Canada"
"Johannesburg | Melville Gauteng | South Africa","South Africa","Johannesburg | Southern Rhodesia | South Africa","South Africa"
"Regensburg","Germany","Hesse-Nassau | Bad Camberg","Germany"
"Berlin | Germany","Germany","German Empire | Leipzig","Germany"
"Alexandria Louisiana | Louisiana | Rapides Parish Louisiana","US","Nebraska | Merrick County Nebraska | Clarks Nebraska | United States","US"
"Athens | Greece","Greece","Athens | Greece","Greece"
"Germany | Hamburg","Germany","Czechoslovakia | Brno","Czechia"
"Équemauville | France","France","Paris | France","France"
"New York City","US","Preston Connecticut","US"
"New York City","US","Berlin | German Empire","Germany"
"South Carolina","US","South Carolina","US"
"California | Daly City California | United States","US","Jingjiang | Republic of China (1912–49) | Jiangsu","China"
"Sheffield Massachusetts | Massachusetts | United States","US","Kudirkos Naumiestis | Suwałki Governorate | Russian Empire","Lithuania"
"Baghdad | Iraq","Iraq","Iraq","Iraq"
"Romania | Bucharest","Romania","Constanța","Romania"
"Kraków","Poland","Kraków","Poland"
"Mexico City","Mexico","Ermita | Spanish East Indies | Captaincy General of the Philippines","Philippines"
"Spain | Madrid","Spain","Spain | Madrid","Spain"
"Texas | Plano Texas | United States","US","Cedar Rapids Iowa | United States","US"
"Belfast | Northern Ireland","UK","Belfast | Northern Ireland","UK"
"London","UK","Kent","UK"
"Barcelona | Spain","Spain","Spain | Zaidín | Province of Huesca","Spain"
"Barcelona | Spain","Spain","Spain | Murcia","Spain"
"Fergus Ontario | Canada","Canada","England","UK"
"Norway | Oslo","Norway","Norway | Oslo","Norway"
"Pomfret Connecticut | United States","US","New Haven Connecticut | United States","US"
"Tacoma Washington","US","Lancaster County Pennsylvania","US"
"New Haven Connecticut","US","New Haven Connecticut","US"
"Princeton New Jersey | United States","US","Chicago | United States","US"
"New York City","US","Cincinnati","US"
"Litchfield Connecticut","US","Joplin Missouri","US"
"Toronto | Canada","Canada","Scranton Pennsylvania","US"
"Slovenia | Ljubljana","Slovenia","Slovenia | Ljubljana | Kingdom of Yugoslavia","Slovenia"
"Istanbul | Turkey","Turkey","Ohio | New Lexington Ohio | United States","US"
"Connecticut | Greenwich Connecticut","US","Minnesota | Minneapolis","US"
"Chicago","US","Cicero Illinois","US"
"Paris","France","Kingdom of Prussia | Canton of Neuchâtel | Boudry","Switzerland"
"Winnipeg | Manitoba","Canada","Winnipeg | Manitoba","Canada"
"Abilene Texas","US","Columbia Falls Montana","US"
"Whitewater Wisconsin","US","Conklin New York","US"
"Wisconsin | Monroe Wisconsin","US","Manhattan | New York City | New York","US"
"Queensland | Brisbane","Australia","County Cork | Timoleague","Ireland"
"Big Stone Gap Virginia","US","Bourbon County Kentucky","US"
"Queensland | Shire of Diamantina","Australia","Ireland | Tipperary","Ireland"
"Manhattan | New York City | United States | New York","US","The Bronx | New York City | United States | New York","US"
"Poughkeepsie New York | New York","US","New York City | New York","US"
"New York City | United States","US","Hornell New York","US"
"Texas | Galveston Texas | United States","US","Louisiana | New Orleans | United States","US"
"Manhattan | New York City | United States | New York","US","Manhattan | New York City | United States | New York","US"
"Louisiana | New Orleans","US","Louisiana | Baton Rouge Louisiana","US"
"Minnesota | Minneapolis | Nicollet Island | Nicollett_Island_Minnesota","US","Chester County Pennsylvania","US"
"Moscow | Russian Soviet Federative Socialist Republic","Russia","Portland Oregon","US"
"Northallerton | Friarage_Hospital","UK","Sri Lanka | Columbo","Sri Lanka"
"Honolulu | United States","US","Waterville Maine | United States","US"
"Franklin New Hampshire","US","Greene County Ohio","US"
"Barcelona | Spain","Spain","Barcelona | Spain","Spain"
"Colombia | Cundinamarca Department | Bogotá","Colombia","Cali | Valle del Cauca Department | Republic of New Granada","Colombia"
"Viceroyalty of New Granada | Bogotá | Free and Independent State of Cundinamarca","Colombia","Viceroyalty of New Granada | Bogotá | Free and Independent State of Cundinamarca","Colombia"
"Frankfurt","Germany","Karlsruhe","Germany"
"New York City","US","Seekonk Massachusetts | Massachusetts","US"
"Dundee | Scotland","UK","Dundee | Scotland","UK"
"Paris | France","France","Connecticut | Hartford Connecticut | Bucks County Pennsylvania","US"
"Virginia | Fairfax Virginia","US","Michigan | Ypsilanti Michigan","US"
"Boston","US","Boston","US"
"Spain | Madrid","Spain","Spain | Segovia","Spain"
"Brazil | Rio de Janeiro | Rio de Janeiro (state) | Empire of Brazil","Brazil","Brazil | Colonial Brazil | Crato Ceará","Brazil"
"Bogotá | United States of Colombia | Cundinamarca State","Colombia","El Agrado | Gran Colombia | Cundinamarca Department (1824)","Colombia"
"Colombia | Cundinamarca Department | Anapoima | Gran Colombia","Colombia","Cundinamarca Department | Honda Tolima | Tolima Department | Gran Colombia","Colombia"
"Barcelona | Spain","Spain","Colombia | Bogotá","Colombia"
"León Guanajuato | Mexico","Mexico","Lagos de Moreno | Mexico | Jalisco","Mexico"
"Slovenia | Ljubljana","Slovenia","Slovenia | Kingdom of Yugoslavia | Tlake Rogatec","Slovenia"
"Salon-de-Provence | France","France","Catalonia | Spain | Reus","Spain"
"Philippines | Ifugao | Banaue Rice Terraces","Philippines","Virginia | United States","US"
"New South Wales | Australia","Australia","London | Islington | England","UK"
"New York City","US","New York City","US"
"Spain | Madrid","Spain","San Juan Puerto Rico","US"
"Berlin | German Empire","Germany","Rodenberg | Electorate of Hesse","Germany"
"Netherlands | The Hague","Netherlands","Amsterdam | Netherlands","Netherlands"
"Lisbon | Portugal","Portugal","Portugal | Lagos | Kingdom of Portugal | Lagos Portugal","Portugal"
"Texas | Kerr County Texas | Kerrville Texas","US","Texas | Mason County Texas | United States","US"
"New York City | New York","US","Brooklyn | New York City | New York","US"
"Bainbridge Island Washington","US","Indianapolis","US"
"Los Angeles","US","Long Beach California","US"
"Louisiana | Baton Rouge Louisiana","US","Pike County Mississippi | McComb Mississippi | Mississippi","US"
"Arlington County Virginia | United States","US","Englewood New Jersey | United States","US"
"Mexico City | Mexico","Mexico","Mexico City | Mexico","Mexico"
"Paris | France","France","Paris | France","France"
"Locarno","Switzerland","Zürich","Switzerland"
"Washington D.C.","US","Fredericksburg Virginia","US"
"Al-Raqqah | Syria | Syrian Desert","Syria","Evanston Illinois | Rochester New Hampshire","US"
"Washington D.C. | United States","US","Oklahoma | Oklahoma City | United States","US"
"Belmont Massachusetts","US","Mason City Iowa","US"
"India | Tamil Nadu | Chennai","India","India | Madras Presidency | Tiruchirappalli district | Trichinopoly District","India"
"Brandenburg | Germany | Zeuthen","Germany","German Empire | Dahlem (Berlin)","Germany"
"Germany","Germany","Germany | Weimar Republic","Germany"
"Germany | Hesse | Dreieich","Germany","Berlin | German Empire","Germany"
"Berlin | East Germany","Germany","German Empire | Darmstadt","Germany"
"Switzerland","Switzerland","Germany | Hesse","Germany"
"Kalar Iraq","Iraq","Kalar Iraq","Iraq"
"Toronto","Canada","Winnipeg | Manitoba","Canada"
"United Kingdom","UK","United Kingdom | Glasgow | Scotland","UK"
"Louisiana | Baton Rouge Louisiana | United States","US","Illinois | McDonough County Illinois | Colchester Illinois | United States","US"
"France | Lyon","France","Manbij | Syria","Syria"
"Cairo | Egypt","Egypt","Lebanon | Baalbek | Ottoman Syria","Lebanon"
"India | Mumbai | Maharashtra","India","Haryana | India | Panipat | Punjab Province (British India) | British Raj","India"
"Athens | Greece","Greece","Ottoman Empire | Istanbul","Turkey"
"Bali | Indonesia","Indonesia","Soviet Union | Pskov","Russia"
"Berlin | Germany","Germany","Germany | Dortmund","Germany"
"Gothenburg | Sweden","Sweden","Berlin | German Empire","Germany"
"Colombia | Bogotá","Colombia","Colombia | Bogotá","Colombia"
"Poland | Warsaw","Poland","Poland | Warsaw","Poland"
"Zacapa | Guatemala","Guatemala","Guatemala","Guatemala"
"Paris | France","France","Brazil | Rio de Janeiro","Brazil"
"Munich | West Germany","Germany","Ukraine | Kharkiv | Russian Empire","Ukraine"
"Washington D.C.","US","Clay County North Carolina","US"
"Wyoming | Laramie County Wyoming | Cheyenne Wyoming","US","Wyoming | Platte County Wyoming | Hartville Wyoming | United States","US"
"Washington D.C. | United States","US","Philippines | Commonwealth of the Philippines","Philippines"
"Sri Lanka | Colombo","Sri Lanka","Sri Lanka | Colombo","Sri Lanka"
"Norway","Norway","Norway","Norway"
"Brazil | São Paulo","Brazil","Brazil | São Leopoldo","Brazil"
"San Francisco","US","United States | Boston","US"
"Russia | Saratov","Russia","Russia | Moscow Governorate | Yelizarovo Orekhovo-Zuyevsky District Moscow Oblast","Russia"
"New York City | New York","US","New York City | New York","US"
"Denver","US","Putnam Connecticut","US"
"Washington D.C. | United States","US","Louisville Kentucky | United States","US"
"New York City | United States","US","Cleveland | Ohio | United States","US"
"East Hampton (village) New York | United States | New York","US","Cambridge Ohio | United States","US"
"Antwerp","Belgium","Antwerp","Belgium"
"Guatemala City | Guatemala","Guatemala","Guatemala City","Guatemala"
"Nevada | Las Vegas Valley","US","St. George Utah","US"
"Washington D.C. | United States","US","Brookline Massachusetts | United States","US"
"Nice | France","France","Lunel | France","France"
"Massachusetts | Boston","US","New Jersey | Montclair New Jersey","US"
"Antibes","France","Gap Hautes-Alpes","France"
"Sèvres","France","San Francisco","US"
"Belgium | Brussels","Belgium","Belgium | Saint-Gilles Belgium","Belgium"
"Manhattan","US","Brooklyn","US"
"Belgium | Brussels","Belgium","Austria-Hungary | Budapest","Hungary"
"Kfar Saba | Israel","Israel","Latvia | Liepāja","Latvia"
"Ottawa","Canada","Cambridge Massachusetts","US"
"Switzerland | Bern","Switzerland","Frankfurt | Hesse","Germany"
"New South Wales | Sydney","Australia","Perth | Western Australia","Australia"
"California | Hollywood | United States","US","Vigo County Indiana | Terre Haute Indiana | United States | Indiana","US"
"Los Angeles","US","Portland Oregon","US"
"Parli_Palakkad | Parli","India","Myanmar","Myanmar"
"Washington D.C. | United States","US","Chicago | Illinois","US"
"Buenos Aires | Argentina","Argentina","Buenos Aires | Argentina","Argentina"
"Chișinău","Moldova","Hîncești District | Nemțeni","Moldova"
"Brooklyn | New York","US","Afton Iowa","US"
"Italy | Castiglione della Pescaia","Italy","Italy | Turin","Italy"
"Panama","Panama","Colombia | Popayán","Colombia"
"Madrid","Spain","Venezuela | Puerto Cabello","Venezuela"
"New York City | United States | New York","US","Namibe | Portuguese Angola","Angola"
"Colombia | Antioquia Department | Medellín","Colombia","Antioquia Department | Medellín | United States of Colombia","Colombia"
"Spain | Cantabria | Torrelavega","Spain","Spain | Cantabria | Torrelavega","Spain"
"United Kingdom | Brighton | East Sussex | England","UK","United Kingdom | Norfolk | Norwich | England","UK"
"Manhattan","US","Georgetown Ohio","US"
"Afghanistan | Kabul","Afghanistan","Norway","Norway"
"Western Australia","Australia","London | England","UK"
"Stockholm | Sweden | Hammarby Sjöstad","Sweden","Stockholm | Sweden | Enskede-Årsta-Vantör","Sweden"
"Philippines | Metro Manila | Makati","Philippines","Philippines | Cebu | Argao Cebu","Philippines"
"Long Island | New York","US","Hinsdale New Hampshire","US"
"Kirribilli New South Wales","Australia","Taunton","UK"
"Brooklyn | New York","US","Sterling Connecticut","US"
"New Hampshire | Peterborough New Hampshire","US","Wabash Indiana | Indiana","US"
"New York City | New York","US","Wilmington North Carolina","US"
"Hyderabad","India","Chennai","India"
"Brazil | São Paulo","Brazil","Brazil | São Paulo","Brazil"
"Russian Empire | Saint Petersburg","Russia","Russian Empire | Saint Petersburg","Russia"
"Russian Empire | Saint Petersburg","Russia","Russian Empire | Saint Petersburg","Russia"
"India | Belgaum","India","India | Karnataka | Udupi | Borkatte | Karkala taluk","India"
"California | Los Angeles | United States","US","California | Illinois | Bloomington Illinois | United States","US"
"Washington D.C. | United States","US","Queens | United States | New York","US"
"Aix-les-Bains | France","France","Paris","France"
"Manhattan | New York City | United States | New York","US","Manhattan | New York City | United States | New York","US"
"India | Uttar Pradesh","India","India | Uttar Pradesh | Gorakhpur","India"
"Budapest","Hungary","Thalheim","Switzerland"
"California | Los Angeles | Los Angeles County California","US","Dallas","US"
"Delhi","India","Rawalpindi | Presidencies and provinces of British India","Pakistan"
"Montenegro | Serbia and Montenegro | Podgorica","Montenegro","Kingdom of Yugoslavia | Mostar","Bosnia and Herzegovina"
"Russian Empire | Saint Petersburg","Russia","Russian Empire | Saint Petersburg","Russia"
"Egypt","Egypt","Egypt","Egypt"
"Paris | France","France","Paris | France","France"
"Sri Lanka | Colombo","Sri Lanka","Sri Lanka | Colombo","Sri Lanka"
"Amagansett New York","US","Kansas City Missouri","US"
"Pontiac Michigan","US","Detroit","US"
"Bethesda Maryland","US","Kansas | Kansas City Kansas | United States","US"
"Sequim Washington | United States","US","United States | Seattle | Washington (state)","US"
"Laurel Maryland | United States","US","New York City | United States","US"
"Texas | Laredo Texas","US","Texas | Webb County Texas | Laredo Texas | United States","US"
"India | Delhi","India","India | Tonk India","India"
"Spain | Madrid","Spain","Spain | Madrid","Spain"
"California | San Francisco | United States","US","Cheshire | Stockport | England","UK"
"London | England","UK","London | England","UK"
"Manhattan | New York City","US","Washington D.C.","US"
"Cardiff | Wales","UK","Cardiff | Splott | Wales","UK"
"New Jersey | Ridgewood New Jersey | United States","US","Kentucky | Covington Kentucky | United States","US"
"San Juan Puerto Rico","US","Puerto Rico | Guayanilla Puerto Rico","US"
"Oaxaca City | Mexico","Mexico","Evanston Illinois | United States","US"
"Alicante | Spain","Spain","Lancashire | Chadderton","UK"
"Berlin | East Germany","Germany","Berlin | German Empire","Germany"
"Karnataka | Ullal","India","Karnataka | Puttur Karnataka | Uppinangady","India"
"Lancashire | Aintree","UK","Northumberland | Newcastle upon Tyne | Jesmond","UK"
"Harlem | New York","US","Durban | South Africa","South Africa"
"Maryland","US","Kansas City Missouri","US"
"Hawaii | United States","US","Wisconsin | Milwaukee | United States","US"
"Texas | Smith County Texas | Tyler Texas | United States","US","Louisiana | Sabine Parish Louisiana | Florien Louisiana | United States","US"
"New York City | New York","US","Burrell Township Armstrong County Pennsylvania","US"
"Havana | Cuba","Cuba","Villa Clara Province | Santa Clara Cuba | Cuba","Cuba"
"Berlin | Germany","Germany","Russian Empire | Saint Petersburg","Russia"
"Moscow | Russia","Russia","Moscow | Soviet Union","Russia"
"Sweden | Boo Sweden","Sweden","Stockholm | Sweden","Sweden"
"Cromwell Road","UK","Kent | Bexley","UK"
"Pasadena California","US","Castine Maine","US"
"Berlin | Germany","Germany","Germany | Hranice (Přerov District)","Czechia"
"Louisiana | Shreveport Louisiana | Caddo Parish Louisiana","US","Louisiana | Lincoln Parish Louisiana | Ruston Louisiana | United States","US"
"Saffron Walden | Essex","UK","Enfield Town | Forty Hill","UK"
"Norfolk Virginia","US","Portsmouth Virginia","US"
"New York City | United States | New York","US","Worcester Massachusetts | United States","US"
"Japan | Tokyo","Japan","Edo | Japan | Musashi Province","Japan"
"Paris","France","Paris","France"
"Paris | France","France","Berthierville | Canada","Canada"
"India | Karnataka | Bangalore","India","India | Karnataka","India"
"Belgrade","Serbia","Užice","Serbia"
"Cairo | Egypt","Egypt","Mit Ghamr | Egypt | Dakahlia Governorate","Egypt"
"New Hampshire","US","New York City","US"
"Paraguay | Asunción","Paraguay","Paraguay | Puerto Peñasco","Paraguay"
"Greece | Thessaloniki","Greece","Crete | Heraklion","Greece"
"Puerto Rico | San Juan Puerto Rico","US","Spain | Asturias | Ribadesella | Tresmonte","Spain"
"Belgium | Brussels","Belgium","France | Baissey","France"
"Netherlands | Zaandam","Netherlands","Netherlands | Zaandam","Netherlands"
"London","UK","Saint Ann's Bay Jamaica","Jamaica"
"Texas | Hereford Texas | Deaf Smith County Texas","US","Texas | Culberson County Texas | Van Horn Texas | United States","US"
"Italy | Pavia","Italy","Italy | Rome","Italy"
"Washington D.C. | United States","US","Virginia | Richmond Virginia | United States","US"
"London | England","UK","Austria-Hungary | Vojvodina | Centa","Serbia"
"Kansas | Phillipsburg Kansas","US","Kansas | Phillipsburg Kansas","US"
"Kingdom of Romania | Medgidia","Romania","Ottoman Empire | Danube Vilayet | Pecineaga","Romania"
"Los Angeles","US","Malone New York","US"
"Tijuana | Mexico","Mexico","Los Angeles | United States","US"
"Manhattan | New York City | United States | New York","US","Pennsylvania | Scranton Pennsylvania | United States","US"
"Lake Worth Florida | Florida | La_Beach_Florida","US","Brooklyn | New York","US"
"Paris","France","Paris","France"
"Minffordd | North Wales","UK","London | England","UK"
"Colombia | Cundinamarca Department | Bogotá","Colombia","Bogotá | Republic of New Granada | Cundinamarca Department (1824)","Colombia"
"Louisiana | Baton Rouge Louisiana | East Baton Rouge Parish Louisiana | United States","US","Louisiana | New Orleans | United States","US"
"Spain | Madrid","Spain","Spain","Spain"
"Meurthe-et-Moselle","France","Cantal | Aurillac","France"
"British Columbia | Tsawwassen","Canada","Ficksburg","South Africa"
"Italy | Bari","Italy","Italy | Bari","Italy"
"London | Notting Hill","UK","Wiltshire | Swindon","UK"
"Virginia | Blacksburg Virginia","US","Virginia | Roanoke Virginia","US"
"Texas | Hale County Texas | Plainview Texas","US","Texas | Hopkins County Texas | Como Texas | United States","US"
"Amsterdam | Netherlands","Netherlands","Amsterdam | Netherlands","Netherlands"
"London | England","UK","East Prussia | Allied-occupied Germany | Zelenogradsk","Russia"
"Seattle | Washington (state)","US","Nebraska | United States","US"
"Chicago | Illinois | United States","US","Chicago | Illinois | United States","US"
"Austria-Hungary | Budapest","Hungary","Austrian Empire | Pest Hungary","Hungary"
"Cairo | Egypt","Egypt","Cairo | Egypt","Egypt"
"Libya | Benghazi","Libya","Libya | Benghazi","Libya"
"Isle of Man","Isle of Man","Woolton","UK"
"Venice | Veneto | Kingdom of Italy","Italy","Austria-Hungary | Bohemia | Prague | Austrian Empire","Czechia"
"Karachi | Pakistan","Pakistan","Pakistan | Lahore","Pakistan"
"Cairo","Egypt","Cairo","Egypt"
"Queensland | Brisbane","Australia","Maryborough Queensland","Australia"
"Catalonia | Spain | Puig_d'Olena","Spain","Catalonia | Lleida | Spain","Spain"